Name,Red Green Blue Alpha
Hintergrund,245 245 235 0
Raster,210 200 180 0
ZugStab,107 188 200 0
DruckStab,255 106 97 0
NeutralStab,160 154 150 0
KnotenStandard,200 190 185 0
KnotenRand,73 68 65 0
KnotenAktiv,255 205 0 128
KnotenDrehpunkt,180 100 255 100
LagerFüllung,160 154 150 0
LagerRand,73 68 65 0
RolleFüllung,255 255 255 0
RolleRand,73 68 65 0
Pfeil,0 0 0 0
Hilfslinie,218 210 205 0
Winkelbogen,174 214 241 0
ZoomBox,132 125 120 0
KnotenUngleichgewicht,247 220 111 0
KnotenGleichgewicht,214 239 152 0
